{"cameraMode":{"drawMode":0,"name":"Shaded","section":"Shading Mode"},"sceneLighting":true,"audioPlay":false,"sceneViewState":{"m_AlwaysRefresh":false,"showFog":true,"showSkybox":true,"showFlares":true,"showImageEffects":true,"showParticleSystems":true,"showVisualEffectGraphs":true,"m_FxEnabled":true},"in2DMode":false,"pivot":{"x":627.0794067382813,"y":691.3711547851563,"z":1314.7799072265625},"rotation":{"x":0.5247309803962708,"y":0.040442779660224918,"z":-0.02496829256415367,"w":0.8499411344528198},"size":127.8814468383789,"orthographic":false}